<?xml version="1.0" encoding="UTF-8"?>
<project-private xmlns="http://www.netbeans.org/ns/project-private/1">
    <editor-bookmarks xmlns="http://www.netbeans.org/ns/editor-bookmarks/2" lastBookmarkId="0"/>
    <open-files xmlns="http://www.netbeans.org/ns/projectui-open-files/2">
        <group>
            <file>file:/E:/@Data%20Kuliah/Semester%202/Pemerogaman%20Berorientasi%20Obyek%20(PBO)/Tugas/Project_Manajemen_Kamar_Hotel/src/Project_Kamar_Hotel/D_KelolaKamar.java</file>
            <file>file:/E:/@Data%20Kuliah/Semester%202/Pemerogaman%20Berorientasi%20Obyek%20(PBO)/Tugas/Project_Manajemen_Kamar_Hotel/src/Project_Kamar_Hotel/C_Menu.java</file>
            <file>file:/E:/@Data%20Kuliah/Semester%202/Pemerogaman%20Berorientasi%20Obyek%20(PBO)/Tugas/Project_Manajemen_Kamar_Hotel/src/Project_Kamar_Hotel/E_Cek_In_Pelanggan.java</file>
            <file>file:/E:/@Data%20Kuliah/Semester%202/Pemerogaman%20Berorientasi%20Obyek%20(PBO)/Tugas/Project_Manajemen_Kamar_Hotel/src/Project_Kamar_Hotel/B_Login2.java</file>
            <file>file:/E:/@Data%20Kuliah/Semester%202/Pemerogaman%20Berorientasi%20Obyek%20(PBO)/Tugas/Project_Manajemen_Kamar_Hotel/src/Project_Kamar_Hotel/A_Signup2.java</file>
            <file>file:/E:/@Data%20Kuliah/Semester%202/Pemerogaman%20Berorientasi%20Obyek%20(PBO)/Tugas/Project_Manajemen_Kamar_Hotel/src/Project_Kamar_Hotel/G_Detail_DataPelanggan.java</file>
            <file>file:/E:/@Data%20Kuliah/Semester%202/Pemerogaman%20Berorientasi%20Obyek%20(PBO)/Tugas/Project_Manajemen_Kamar_Hotel/src/Project_Kamar_Hotel/F_Cek_Out_Pelanggan.java</file>
        </group>
    </open-files>
</project-private>
